venue,result_type,count
Arun Jaitley Stadium,Bat First Win,7
Arun Jaitley Stadium,Chase Win,7
"Arun Jaitley Stadium, Delhi",Bat First Win,13
"Arun Jaitley Stadium, Delhi",Chase Win,17
Barabati Stadium,Bat First Win,4
Barabati Stadium,Chase Win,3
"Barsapara Cricket Stadium, Guwahati",Bat First Win,4
"Barsapara Cricket Stadium, Guwahati",Chase Win,4
"Bharat Ratna Shri Atal Bihari Vajpayee Ekana Cricket Stadium, Lucknow",Bat First Win,11
"Bharat Ratna Shri Atal Bihari Vajpayee Ekana Cricket Stadium, Lucknow",Chase Win,17
Brabourne Stadium,Bat First Win,6
Brabourne Stadium,Chase Win,4
"Brabourne Stadium, Mumbai",Bat First Win,8
"Brabourne Stadium, Mumbai",Chase Win,9
Buffalo Park,Bat First Win,2
Buffalo Park,Chase Win,1
De Beers Diamond Oval,Bat First Win,1
De Beers Diamond Oval,Chase Win,2
Dr DY Patil Sports Academy,Bat First Win,7
Dr DY Patil Sports Academy,Chase Win,10
"Dr DY Patil Sports Academy, Mumbai",Bat First Win,10
"Dr DY Patil Sports Academy, Mumbai",Chase Win,10
Dr. Y.S. Rajasekhara Reddy ACA-VDCA Cricket Stadium,Bat First Win,7
Dr. Y.S. Rajasekhara Reddy ACA-VDCA Cricket Stadium,Chase Win,6
"Dr. Y.S. Rajasekhara Reddy ACA-VDCA Cricket Stadium, Visakhapatnam",Bat First Win,2
"Dr. Y.S. Rajasekhara Reddy ACA-VDCA Cricket Stadium, Visakhapatnam",Chase Win,2
Dubai International Cricket Stadium,Bat First Win,21
Dubai International Cricket Stadium,Chase Win,25
Eden Gardens,Bat First Win,34
Eden Gardens,Chase Win,43
"Eden Gardens, Kolkata",Bat First Win,16
"Eden Gardens, Kolkata",Chase Win,13
Feroz Shah Kotla,Bat First Win,29
Feroz Shah Kotla,Chase Win,30
Green Park,Chase Win,4
Himachal Pradesh Cricket Association Stadium,Bat First Win,5
Himachal Pradesh Cricket Association Stadium,Chase Win,4
"Himachal Pradesh Cricket Association Stadium, Dharamsala",Bat First Win,6
"Himachal Pradesh Cricket Association Stadium, Dharamsala",Chase Win,3
Holkar Cricket Stadium,Bat First Win,1
Holkar Cricket Stadium,Chase Win,8
JSCA International Stadium Complex,Bat First Win,2
JSCA International Stadium Complex,Chase Win,5
Kingsmead,Bat First Win,9
Kingsmead,Chase Win,6
M Chinnaswamy Stadium,Bat First Win,28
M Chinnaswamy Stadium,Chase Win,36
"M Chinnaswamy Stadium, Bengaluru",Bat First Win,11
"M Chinnaswamy Stadium, Bengaluru",Chase Win,13
M.Chinnaswamy Stadium,Bat First Win,8
M.Chinnaswamy Stadium,Chase Win,7
MA Chidambaram Stadium,Bat First Win,4
MA Chidambaram Stadium,Chase Win,5
"MA Chidambaram Stadium, Chepauk",Bat First Win,30
"MA Chidambaram Stadium, Chepauk",Chase Win,18
"MA Chidambaram Stadium, Chepauk, Chennai",Bat First Win,17
"MA Chidambaram Stadium, Chepauk, Chennai",Chase Win,24
"Maharaja Yadavindra Singh International Cricket Stadium, Mullanpur",Bat First Win,5
"Maharaja Yadavindra Singh International Cricket Stadium, Mullanpur",Chase Win,5
"Maharaja Yadavindra Singh International Cricket Stadium, New Chandigarh",Bat First Win,3
"Maharaja Yadavindra Singh International Cricket Stadium, New Chandigarh",Chase Win,4
Maharashtra Cricket Association Stadium,Bat First Win,8
Maharashtra Cricket Association Stadium,Chase Win,14
"Maharashtra Cricket Association Stadium, Pune",Bat First Win,10
"Maharashtra Cricket Association Stadium, Pune",Chase Win,3
"Narendra Modi Stadium, Ahmedabad",Bat First Win,21
"Narendra Modi Stadium, Ahmedabad",Chase Win,20
Nehru Stadium,Bat First Win,3
Nehru Stadium,Chase Win,2
New Wanderers Stadium,Bat First Win,3
New Wanderers Stadium,Chase Win,5
Newlands,Bat First Win,5
Newlands,Chase Win,2
OUTsurance Oval,Bat First Win,1
OUTsurance Oval,Chase Win,1
Punjab Cricket Association IS Bindra Stadium,Bat First Win,4
Punjab Cricket Association IS Bindra Stadium,Chase Win,6
"Punjab Cricket Association IS Bindra Stadium, Mohali",Bat First Win,5
"Punjab Cricket Association IS Bindra Stadium, Mohali",Chase Win,6
"Punjab Cricket Association IS Bindra Stadium, Mohali, Chandigarh",Bat First Win,3
"Punjab Cricket Association IS Bindra Stadium, Mohali, Chandigarh",Chase Win,2
"Punjab Cricket Association Stadium, Mohali",Bat First Win,15
"Punjab Cricket Association Stadium, Mohali",Chase Win,20
Rajiv Gandhi International Stadium,Bat First Win,8
Rajiv Gandhi International Stadium,Chase Win,7
"Rajiv Gandhi International Stadium, Uppal",Bat First Win,21
"Rajiv Gandhi International Stadium, Uppal",Chase Win,28
"Rajiv Gandhi International Stadium, Uppal, Hyderabad",Bat First Win,13
"Rajiv Gandhi International Stadium, Uppal, Hyderabad",Chase Win,12
"Sardar Patel Stadium, Motera",Bat First Win,6
"Sardar Patel Stadium, Motera",Chase Win,6
Saurashtra Cricket Association Stadium,Bat First Win,3
Saurashtra Cricket Association Stadium,Chase Win,7
Sawai Mansingh Stadium,Bat First Win,15
Sawai Mansingh Stadium,Chase Win,32
"Sawai Mansingh Stadium, Jaipur",Bat First Win,9
"Sawai Mansingh Stadium, Jaipur",Chase Win,12
Shaheed Veer Narayan Singh International Stadium,Bat First Win,2
Shaheed Veer Narayan Singh International Stadium,Chase Win,4
"Shaheed Veer Narayan Singh International Stadium, Raipur",Chase Win,2
Sharjah Cricket Stadium,Bat First Win,10
Sharjah Cricket Stadium,Chase Win,18
Sheikh Zayed Stadium,Bat First Win,11
Sheikh Zayed Stadium,Chase Win,18
St George's Park,Bat First Win,3
St George's Park,Chase Win,4
Subrata Roy Sahara Stadium,Bat First Win,10
Subrata Roy Sahara Stadium,Chase Win,6
SuperSport Park,Bat First Win,4
SuperSport Park,Chase Win,8
"Vidarbha Cricket Association Stadium, Jamtha",Bat First Win,2
"Vidarbha Cricket Association Stadium, Jamtha",Chase Win,1
Wankhede Stadium,Bat First Win,35
Wankhede Stadium,Chase Win,38
"Wankhede Stadium, Mumbai",Bat First Win,25
"Wankhede Stadium, Mumbai",Chase Win,34
"Zayed Cricket Stadium, Abu Dhabi",Bat First Win,3
"Zayed Cricket Stadium, Abu Dhabi",Chase Win,5
